-- phpMyAdmin SQL Dump
-- version 5.2.1
-- https://www.phpmyadmin.net/
--
-- Host: 127.0.0.1
-- Generation Time: Nov 02, 2023 at 03:50 AM
-- Server version: 10.4.28-MariaDB
-- PHP Version: 8.2.4

SET SQL_MODE = "NO_AUTO_VALUE_ON_ZERO";
START TRANSACTION;
SET time_zone = "+00:00";


/*!40101 SET @OLD_CHARACTER_SET_CLIENT=@@CHARACTER_SET_CLIENT */;
/*!40101 SET @OLD_CHARACTER_SET_RESULTS=@@CHARACTER_SET_RESULTS */;
/*!40101 SET @OLD_COLLATION_CONNECTION=@@COLLATION_CONNECTION */;
/*!40101 SET NAMES utf8mb4 */;

--
-- Database: `denpasar`
--

-- --------------------------------------------------------

--
-- Table structure for table `admin`
--

CREATE TABLE `admin` (
  `id_admin` int(2) NOT NULL,
  `nama` varchar(60) NOT NULL,
  `username` varchar(50) NOT NULL,
  `password` varchar(50) NOT NULL
) ENGINE=InnoDB DEFAULT CHARSET=utf8mb4 COLLATE=utf8mb4_general_ci;

--
-- Dumping data for table `admin`
--

INSERT INTO `admin` (`id_admin`, `nama`, `username`, `password`) VALUES
(1, 'admin', 'admin', '21232f297a57a5a743894a0e4a801fc3');

-- --------------------------------------------------------

--
-- Table structure for table `foto`
--

CREATE TABLE `foto` (
  `id_foto` int(4) NOT NULL,
  `id_lokasi` int(2) NOT NULL,
  `nama` text NOT NULL
) ENGINE=InnoDB DEFAULT CHARSET=utf8mb4 COLLATE=utf8mb4_general_ci;

-- --------------------------------------------------------

--
-- Table structure for table `kecamatan`
--

CREATE TABLE `kecamatan` (
  `id_kecamatan` int(2) NOT NULL,
  `nama_kecamatan` varchar(50) NOT NULL
) ENGINE=InnoDB DEFAULT CHARSET=utf8mb4 COLLATE=utf8mb4_general_ci;

--
-- Dumping data for table `kecamatan`
--

INSERT INTO `kecamatan` (`id_kecamatan`, `nama_kecamatan`) VALUES
(1, 'Denpasar Utara'),
(2, 'Denpasar Timur'),
(3, 'Denpasar Selatan'),
(4, 'Denpasar Barat');

-- --------------------------------------------------------

--
-- Table structure for table `kelurahan`
--

CREATE TABLE `kelurahan` (
  `id_kelurahan` int(2) NOT NULL,
  `id_kecamatan` int(2) NOT NULL,
  `nama_kelurahan` varchar(50) NOT NULL
) ENGINE=InnoDB DEFAULT CHARSET=utf8mb4 COLLATE=utf8mb4_general_ci;

--
-- Dumping data for table `kelurahan`
--

INSERT INTO `kelurahan` (`id_kelurahan`, `id_kecamatan`, `nama_kelurahan`) VALUES
(1, 1, 'Peguyangan'),
(2, 1, 'Tonja'),
(3, 1, 'Ubung'),
(5, 2, 'Sumerta'),
(6, 2, 'Kesiman'),
(7, 2, 'Penatih'),
(8, 2, 'Dangin Puri'),
(11, 3, 'Panjer'),
(12, 3, 'Pedungan'),
(13, 3, 'Renon'),
(14, 3, 'Sanur'),
(15, 3, 'Serangan'),
(16, 3, 'Sesetan'),
(17, 4, 'Dauh Puri'),
(18, 4, 'Padang Sambian'),
(19, 4, 'Pemecutan');

-- --------------------------------------------------------

--
-- Table structure for table `lokasi`
--

CREATE TABLE `lokasi` (
  `id_lokasi` int(2) NOT NULL,
  `nama` varchar(50) NOT NULL,
  `info` text NOT NULL,
  `alamat` text NOT NULL,
  `kategori` varchar(25) NOT NULL,
  `id_kecamatan` int(2) NOT NULL,
  `id_kelurahan` int(2) NOT NULL,
  `lat` text NOT NULL,
  `lng` text NOT NULL,
  `id_admin` int(2) NOT NULL
) ENGINE=InnoDB DEFAULT CHARSET=utf8mb4 COLLATE=utf8mb4_general_ci;

-- --------------------------------------------------------

--
-- Table structure for table `poligon`
--

CREATE TABLE `poligon` (
  `id_poligon` int(3) NOT NULL,
  `id_kecamatan` int(2) NOT NULL,
  `lat` text NOT NULL,
  `lng` text NOT NULL
) ENGINE=InnoDB DEFAULT CHARSET=utf8mb4 COLLATE=utf8mb4_general_ci;

--
-- Dumping data for table `poligon`
--

INSERT INTO `poligon` (`id_poligon`, `id_kecamatan`, `lat`, `lng`) VALUES
(1, 1, '107.5232572', '-6.8653333'),
(2, 1, '107.5241155', '-6.8668671'),
(3, 1, '107.5297803', '-6.8673784'),
(4, 1, '107.5335569', '-6.867037599999999'),
(5, 1, '107.5369901', '-6.8678897'),
(6, 1, '107.540595', '-6.8673784'),
(7, 1, '107.5447149', '-6.8701053'),
(8, 1, '107.5466031', '-6.8711279'),
(9, 1, '107.5485987', '-6.8725978'),
(10, 1, '107.5491781', '-6.8726617'),
(11, 1, '107.5467748', '-6.874366'),
(12, 1, '107.5466031', '-6.8762407'),
(13, 1, '107.5491781', '-6.877604099999999'),
(14, 1, '107.5562162', '-6.8890225'),
(15, 1, '107.562396', '-6.887829599999999'),
(16, 1, '107.5756139', '-6.8903859'),
(17, 1, '107.5718374', '-6.8820352'),
(18, 1, '107.5702924', '-6.8815239'),
(19, 1, '107.5694341', '-6.8793084'),
(20, 1, '107.5704641', '-6.8765815'),
(21, 1, '107.5658292', '-6.8757294'),
(22, 1, '107.5637693', '-6.8733434'),
(23, 1, '107.5615377', '-6.8721504'),
(24, 1, '107.5627393', '-6.868401'),
(25, 1, '107.5654859', '-6.8649924'),
(26, 1, '107.5647993', '-6.860731599999999'),
(27, 1, '107.562396', '-6.8591977'),
(28, 1, '107.5617093', '-6.855789'),
(29, 1, '107.5577611', '-6.855789'),
(30, 1, '107.5551862', '-6.853403'),
(31, 1, '107.5539846', '-6.850676'),
(32, 1, '107.551753', '-6.8498238'),
(33, 1, '107.5531263', '-6.8470968'),
(34, 1, '107.5553579', '-6.8416428'),
(35, 1, '107.5490064', '-6.8392567'),
(36, 1, '107.5498647', '-6.8338026'),
(37, 1, '107.5464315', '-6.8320981'),
(38, 1, '107.5433416', '-6.833972999999999'),
(39, 1, '107.54008', '-6.8341434'),
(40, 1, '107.5383634', '-6.840449699999999'),
(41, 1, '107.5366468', '-6.845051599999999'),
(42, 1, '107.5320119', '-6.850335100000001'),
(43, 1, '107.5359601', '-6.851528199999999'),
(44, 1, '107.5378484', '-6.8530621'),
(45, 1, '107.5371618', '-6.8563003'),
(46, 1, '107.5359601', '-6.8583456'),
(47, 1, '107.5333852', '-6.8588568'),
(48, 1, '107.5321836', '-6.8622655'),
(49, 1, '107.5266904', '-6.863969800000001'),
(50, 1, '107.5251455', '-6.863969800000001'),
(51, 1, '107.5232572', '-6.8653333'),
(52, 2, '107.5241155', '-6.8668671'),
(53, 2, '107.524333', '-6.8736947'),
(54, 2, '107.5218439', '-6.8717347'),
(55, 2, '107.5208997', '-6.872246'),
(56, 2, '107.5216722', '-6.8732686'),
(57, 2, '107.518754', '-6.874632'),
(58, 2, '107.5201273', '-6.8805117'),
(59, 2, '107.5260496', '-6.8861357'),
(60, 2, '107.5294828', '-6.8873287'),
(61, 2, '107.5275087', '-6.8899702'),
(62, 2, '107.5259637', '-6.889459'),
(63, 2, '107.5247621', '-6.8914188'),
(64, 2, '107.5287962', '-6.8940603'),
(65, 2, '107.5310278', '-6.896361'),
(66, 2, '107.5336027', '-6.8975539'),
(67, 2, '107.5342893', '-6.894997600000001'),
(68, 2, '107.5372934', '-6.8948272'),
(69, 2, '107.5380659', '-6.894316'),
(70, 2, '107.5387525', '-6.897979999999999'),
(71, 2, '107.5408983', '-6.8987469'),
(72, 2, '107.5424432', '-6.899598899999999'),
(73, 2, '107.5433874', '-6.8992581'),
(74, 2, '107.5445032', '-6.901644'),
(75, 2, '107.5505972', '-6.8996842'),
(76, 2, '107.5512838', '-6.9059896'),
(77, 2, '107.5524854', '-6.9070121'),
(78, 2, '107.5569486', '-6.9030073'),
(79, 2, '107.5576353', '-6.9002806'),
(80, 2, '107.5591802', '-6.8998546'),
(81, 2, '107.5596094', '-6.8984912'),
(82, 2, '107.5587511', '-6.897127899999999'),
(83, 2, '107.5603819', '-6.896361'),
(84, 2, '107.5562162', '-6.8890225'),
(85, 2, '107.5491781', '-6.877604099999999'),
(86, 2, '107.5466031', '-6.8762407'),
(87, 2, '107.5467748', '-6.874366'),
(88, 2, '107.5491781', '-6.8726617'),
(89, 2, '107.5485987', '-6.8725978'),
(90, 2, '107.5466031', '-6.8711279'),
(91, 2, '107.5447149', '-6.8701053'),
(92, 2, '107.540595', '-6.8673784'),
(93, 2, '107.5369901', '-6.8678897'),
(94, 2, '107.5335569', '-6.867037599999999'),
(95, 2, '107.5297803', '-6.8673784'),
(96, 2, '107.5241155', '-6.8668671'),
(97, 3, '107.5603819', '-6.896361'),
(98, 3, '107.5587511', '-6.8971279'),
(99, 3, '107.5596094', '-6.8984912'),
(100, 3, '107.5591802', '-6.8998546'),
(101, 3, '107.5576353', '-6.9002806'),
(102, 3, '107.5569486', '-6.9030073'),
(103, 3, '107.5524854', '-6.9070121'),
(104, 3, '107.5512838', '-6.9059896'),
(105, 3, '107.5505972', '-6.8996842'),
(106, 3, '107.5445032', '-6.901644'),
(107, 3, '107.5433874', '-6.8992581'),
(108, 3, '107.5424432', '-6.8995989'),
(109, 3, '107.5408983', '-6.8987469'),
(110, 3, '107.5387525', '-6.89798'),
(111, 3, '107.5380659', '-6.894316'),
(112, 3, '107.5372934', '-6.8948272'),
(113, 3, '107.5342893', '-6.8949976'),
(114, 3, '107.5336027', '-6.8975539'),
(115, 3, '107.5310278', '-6.896361'),
(116, 3, '107.5287962', '-6.8940603'),
(117, 3, '107.5247621', '-6.8914188'),
(118, 3, '107.5259637', '-6.889459'),
(119, 3, '107.5275087', '-6.8899702'),
(120, 3, '107.5294828', '-6.8873287'),
(121, 3, '107.5260496', '-6.8861357'),
(122, 3, '107.5201273', '-6.8805117'),
(123, 3, '107.518754', '-6.874632'),
(124, 3, '107.516179', '-6.8769328'),
(125, 3, '107.5142908', '-6.8823012'),
(126, 3, '107.5171232', '-6.889885'),
(127, 3, '107.517209', '-6.8921005'),
(128, 3, '107.5148058', '-6.8921005'),
(129, 3, '107.5133466', '-6.8950828'),
(130, 3, '107.5112009', '-6.8949124'),
(131, 3, '107.5089693', '-6.8975539'),
(132, 3, '107.5101709', '-6.901644'),
(133, 3, '107.5183248', '-6.9084606'),
(134, 3, '107.5209856', '-6.9107612'),
(135, 3, '107.5188398', '-6.9139991'),
(136, 3, '107.5186681', '-6.9157884'),
(137, 3, '107.5234747', '-6.918515'),
(138, 3, '107.5245046', '-6.9207303'),
(139, 3, '107.5259637', '-6.9207303'),
(140, 3, '107.5269079', '-6.9195375'),
(141, 3, '107.5308561', '-6.9175777'),
(142, 3, '107.5319719', '-6.9186002'),
(143, 3, '107.5364351', '-6.9188558'),
(144, 3, '107.5360918', '-6.9173221'),
(145, 3, '107.5434732', '-6.9186854'),
(146, 3, '107.5446748', '-6.9256722'),
(147, 3, '107.550683', '-6.9257574'),
(148, 3, '107.5553178', '-6.9283135'),
(149, 3, '107.5581503', '-6.9261834'),
(150, 3, '107.5601244', '-6.9278875'),
(151, 3, '107.5580644', '-6.9298472'),
(152, 3, '107.5644159', '-6.9331701'),
(153, 3, '107.5651884', '-6.9300176'),
(154, 3, '107.5626993', '-6.9287396'),
(155, 3, '107.5627851', '-6.9272059'),
(156, 3, '107.5631284', '-6.926013'),
(157, 3, '107.5649309', '-6.9244794'),
(158, 3, '107.5649309', '-6.921838'),
(159, 3, '107.5657892', '-6.9187706'),
(160, 3, '107.5645876', '-6.9174073'),
(161, 3, '107.5647592', '-6.9162144'),
(162, 3, '107.5655317', '-6.9143399'),
(163, 3, '107.5649309', '-6.9137434'),
(164, 3, '107.5657034', '-6.9123801'),
(165, 3, '107.5676775', '-6.9113577'),
(166, 3, '107.5688791', '-6.91025'),
(167, 3, '107.5603819', '-6.896361'),
(342, 4, '107.5171232', '-6.889885'),
(343, 4, '107.517209', '-6.8921005'),
(344, 4, '107.5148058', '-6.8921005'),
(345, 4, '107.5133466', '-6.8950828'),
(346, 4, '107.5112009', '-6.8949124'),
(347, 4, '107.5089693', '-6.8975539'),
(348, 4, '107.5101709', '-6.901644'),
(349, 4, '107.5209856', '-6.9107612'),
(350, 4, '107.5188398', '-6.9139991'),
(351, 4, '107.5186681', '-6.9157884'),
(352, 4, '107.5234747', '-6.918515'),
(353, 4, '107.5245046', '-6.9207303'),
(354, 4, '107.5259637', '-6.9207303'),
(355, 4, '107.5269079', '-6.9195375'),
(356, 4, '107.5308561', '-6.9175777'),
(357, 4, '107.5319719', '-6.9186002'),
(358, 4, '107.5364351', '-6.9188558'),
(359, 4, '107.5360918', '-6.9173221'),
(360, 4, '107.5434732', '-6.9186854'),
(361, 4, '107.5446748', '-6.9256722'),
(362, 4, '107.550683', '-6.9257574'),
(363, 4, '107.5553178', '-6.9283135'),
(364, 4, '107.5581503', '-6.9261834'),
(365, 4, '107.5601244', '-6.9278875'),
(366, 4, '107.5580644', '-6.9298472'),
(367, 4, '107.5644159', '-6.9331701'),
(368, 4, '107.5651884', '-6.9300176'),
(369, 4, '107.5626993', '-6.9287396'),
(370, 4, '107.5627851', '-6.9272059'),
(371, 4, '107.5631284', '-6.926013'),
(372, 4, '107.5649309', '-6.9244794'),
(373, 4, '107.5649309', '-6.921838'),
(374, 4, '107.5657892', '-6.9187706'),
(375, 4, '107.5645876', '-6.9174073'),
(376, 4, '107.5647592', '-6.9162144'),
(377, 4, '107.5655317', '-6.9143399'),
(378, 4, '107.5649309', '-6.9137434'),
(379, 4, '107.5657034', '-6.9123801'),
(380, 4, '107.5676775', '-6.9113577'),
(381, 4, '107.5688791', '-6.91025'),
(382, 4, '107.5562162', '-6.8890225'),
(383, 4, '107.562396', '-6.8878296'),
(384, 4, '107.5756139', '-6.8903859'),
(385, 4, '107.5718374', '-6.8820352'),
(386, 4, '107.5702924', '-6.8815239'),
(387, 4, '107.5694341', '-6.8793084'),
(388, 4, '107.5704641', '-6.8765815'),
(389, 4, '107.5658292', '-6.8757294'),
(390, 4, '107.5637693', '-6.8733434'),
(391, 4, '107.5615377', '-6.8721504'),
(392, 4, '107.5627393', '-6.868401'),
(393, 4, '107.5654859', '-6.8649924'),
(394, 4, '107.5647993', '-6.8607316'),
(395, 4, '107.562396', '-6.8591977'),
(396, 4, '107.5617093', '-6.855789'),
(397, 4, '107.5577611', '-6.855789'),
(398, 4, '107.5551862', '-6.853403'),
(399, 4, '107.5539846', '-6.850676'),
(400, 4, '107.551753', '-6.8498238'),
(401, 4, '107.5532103', '-6.846809'),
(402, 4, '107.5553579', '-6.8416428'),
(403, 4, '107.5490064', '-6.8392567'),
(404, 4, '107.5498647', '-6.8338026'),
(405, 4, '107.5464315', '-6.8320981'),
(406, 4, '107.5433416', '-6.833973'),
(407, 4, '107.54008', '-6.8341434'),
(408, 4, '107.5383634', '-6.8404497'),
(409, 4, '107.5366468', '-6.8450516'),
(410, 4, '107.5320119', '-6.8503351'),
(411, 4, '107.5359601', '-6.8515282'),
(412, 4, '107.5378484', '-6.8530621'),
(413, 4, '107.5371618', '-6.8563003'),
(414, 4, '107.5359601', '-6.8583456'),
(415, 4, '107.5333852', '-6.8588568'),
(416, 4, '107.5321836', '-6.8622655'),
(417, 4, '107.5266904', '-6.8639698'),
(418, 4, '107.5251455', '-6.8639698'),
(419, 4, '107.5232572', '-6.8653333'),
(420, 4, '107.5241155', '-6.8668671'),
(421, 4, '107.524333', '-6.8736947'),
(422, 4, '107.5218439', '-6.8717347'),
(423, 4, '107.5208997', '-6.872246'),
(424, 4, '107.5216722', '-6.8732686'),
(425, 4, '107.518754', '-6.874632'),
(426, 4, '107.516179', '-6.8769328'),
(427, 4, '107.5142908', '-6.8823012'),
(428, 4, '107.5171232', '-6.889885');

--
-- Indexes for dumped tables
--

--
-- Indexes for table `admin`
--
ALTER TABLE `admin`
  ADD PRIMARY KEY (`id_admin`);

--
-- Indexes for table `foto`
--
ALTER TABLE `foto`
  ADD PRIMARY KEY (`id_foto`);

--
-- Indexes for table `kecamatan`
--
ALTER TABLE `kecamatan`
  ADD PRIMARY KEY (`id_kecamatan`);

--
-- Indexes for table `kelurahan`
--
ALTER TABLE `kelurahan`
  ADD PRIMARY KEY (`id_kelurahan`),
  ADD KEY `kelurahan_kecamatan` (`id_kecamatan`);

--
-- Indexes for table `lokasi`
--
ALTER TABLE `lokasi`
  ADD PRIMARY KEY (`id_lokasi`),
  ADD KEY `lokasi_kecamatan` (`id_kecamatan`),
  ADD KEY `lokasi_kelurahan` (`id_kelurahan`),
  ADD KEY `lokasi_admin` (`id_admin`);

--
-- Indexes for table `poligon`
--
ALTER TABLE `poligon`
  ADD PRIMARY KEY (`id_poligon`),
  ADD KEY `poligon_kecamatan` (`id_kecamatan`);

--
-- AUTO_INCREMENT for dumped tables
--

--
-- AUTO_INCREMENT for table `admin`
--
ALTER TABLE `admin`
  MODIFY `id_admin` int(2) NOT NULL AUTO_INCREMENT, AUTO_INCREMENT=2;

--
-- AUTO_INCREMENT for table `foto`
--
ALTER TABLE `foto`
  MODIFY `id_foto` int(4) NOT NULL AUTO_INCREMENT, AUTO_INCREMENT=32;

--
-- AUTO_INCREMENT for table `kecamatan`
--
ALTER TABLE `kecamatan`
  MODIFY `id_kecamatan` int(2) NOT NULL AUTO_INCREMENT, AUTO_INCREMENT=5;

--
-- AUTO_INCREMENT for table `kelurahan`
--
ALTER TABLE `kelurahan`
  MODIFY `id_kelurahan` int(2) NOT NULL AUTO_INCREMENT, AUTO_INCREMENT=20;

--
-- AUTO_INCREMENT for table `lokasi`
--
ALTER TABLE `lokasi`
  MODIFY `id_lokasi` int(2) NOT NULL AUTO_INCREMENT, AUTO_INCREMENT=7;

--
-- AUTO_INCREMENT for table `poligon`
--
ALTER TABLE `poligon`
  MODIFY `id_poligon` int(3) NOT NULL AUTO_INCREMENT, AUTO_INCREMENT=429;

--
-- Constraints for dumped tables
--

--
-- Constraints for table `kelurahan`
--
ALTER TABLE `kelurahan`
  ADD CONSTRAINT `kelurahan_kecamatan` FOREIGN KEY (`id_kecamatan`) REFERENCES `kecamatan` (`id_kecamatan`);

--
-- Constraints for table `lokasi`
--
ALTER TABLE `lokasi`
  ADD CONSTRAINT `lokasi_admin` FOREIGN KEY (`id_admin`) REFERENCES `admin` (`id_admin`),
  ADD CONSTRAINT `lokasi_kecamatan` FOREIGN KEY (`id_kecamatan`) REFERENCES `kecamatan` (`id_kecamatan`),
  ADD CONSTRAINT `lokasi_kelurahan` FOREIGN KEY (`id_kelurahan`) REFERENCES `kelurahan` (`id_kelurahan`);
COMMIT;

/*!40101 SET CHARACTER_SET_CLIENT=@OLD_CHARACTER_SET_CLIENT */;
/*!40101 SET CHARACTER_SET_RESULTS=@OLD_CHARACTER_SET_RESULTS */;
/*!40101 SET COLLATION_CONNECTION=@OLD_COLLATION_CONNECTION */;
